{
"__comment": "Created by Rioxas",
"textures": {
    "texture": "items/master_sword"
},
"elements": [ 
{
    "from": [ 7.5, 0.5, 7.25 ],
    "to": [ 8.5, 1, 8.75 ],
    "faces": {
        "down":  { "uv": [ 8, 16, 9, 15 ], "texture": "#texture" },
        "up":    { "uv": [ 8, 15, 9, 16 ], "texture": "#texture" },
        "north": { "uv": [ 8, 15, 9, 16 ], "texture": "#texture" },
        "south": { "uv": [ 8, 15, 9, 16 ], "texture": "#texture" },
        "west":  { "uv": [ 8, 15, 9, 16 ], "texture": "#texture" },
        "east":  { "uv": [ 8, 15, 9, 16 ], "texture": "#texture" }
    }
},
{
    "from": [ 7.75, 1, 7.75 ],
    "to": [ 8.25, 3, 8.25 ],
    "faces": {
        "down":  { "uv": [ 8, 16, 9, 15 ], "texture": "#texture" },
        "up":    { "uv": [ 8, 15, 9, 16 ], "texture": "#texture" },
        "north": { "uv": [ 8, 15, 9, 16 ], "texture": "#texture" },
        "south": { "uv": [ 8, 15, 9, 16 ], "texture": "#texture" },
        "west":  { "uv": [ 8, 15, 9, 16 ], "texture": "#texture" },
        "east":  { "uv": [ 8, 15, 9, 16 ], "texture": "#texture" }
    }
},
{
    "from": [ 7.5, 3, 7 ],
    "to": [ 8.5, 4, 9 ],
    "faces": {
        "down":  { "uv": [ 8, 16, 9, 15 ], "texture": "#texture" },
        "up":    { "uv": [ 8, 15, 9, 16 ], "texture": "#texture" },
        "north": { "uv": [ 8, 15, 9, 16 ], "texture": "#texture" },
        "south": { "uv": [ 8, 15, 9, 16 ], "texture": "#texture" },
        "west":  { "uv": [ 8, 15, 9, 16 ], "texture": "#texture" },
        "east":  { "uv": [ 8, 15, 9, 16 ], "texture": "#texture" }
    }
},
{
    "from": [ 7.25, 3.5, 7 ],
    "to": [ 8.75, 4.5, 9 ],
    "faces": {
        "down":  { "uv": [ 8, 16, 9, 15 ], "texture": "#texture" },
        "up":    { "uv": [ 8, 15, 9, 16 ], "texture": "#texture" },
        "north": { "uv": [ 8, 15, 9, 16 ], "texture": "#texture" },
        "south": { "uv": [ 8, 15, 9, 16 ], "texture": "#texture" },
        "west":  { "uv": [ 8, 15, 9, 16 ], "texture": "#texture" },
        "east":  { "uv": [ 8, 15, 9, 16 ], "texture": "#texture" }
    }
},
{
    "from": [ 7.5, 3.75, 6 ],
    "to": [ 8.5, 4.75, 10 ],
    "faces": {
        "down":  { "uv": [ 8, 16, 9, 15 ], "texture": "#texture" },
        "up":    { "uv": [ 8, 15, 9, 16 ], "texture": "#texture" },
        "north": { "uv": [ 7, 11, 9.875, 11.875 ], "texture": "#texture" },
        "south": { "uv": [ 9.75, 11.125, 11.875, 11.875 ], "texture": "#texture" },
        "west":  { "uv": [ 7, 11, 12, 12 ], "texture": "#texture" },
        "east":  { "uv": [ 12, 12, 7, 11 ], "texture": "#texture" }
    }
},
{
    "from": [ 7.5, 2.375, 5.25 ],
    "to": [ 8.5, 4.125, 6.25 ],
    "faces": {
        "down":  { "uv": [ 5, 10, 6, 9 ], "texture": "#texture" },
        "up":    { "uv": [ 5, 9, 6, 10 ], "texture": "#texture" },
        "north": { "uv": [ 5, 9, 6, 10 ], "texture": "#texture" },
        "south": { "uv": [ 5, 9, 6, 10 ], "texture": "#texture" },
        "west":  { "uv": [ 5, 9.25, 6, 10.25 ], "texture": "#texture" },
        "east":  { "uv": [ 5, 9.25, 6, 10.25 ], "texture": "#texture" }
    }
},
{
    "from": [ 7.5, 3.5, 5.625 ],
    "to": [ 8.5, 4.5, 6.625 ],
    "faces": {
        "down":  { "uv": [ 5, 10, 6, 9 ], "texture": "#texture" },
        "up":    { "uv": [ 5, 9, 6, 10 ], "texture": "#texture" },
        "north": { "uv": [ 5, 9, 6, 10 ], "texture": "#texture" },
        "south": { "uv": [ 5, 9, 6, 10 ], "texture": "#texture" },
        "west":  { "uv": [ 5, 9.25, 6, 10.25 ], "texture": "#texture" },
        "east":  { "uv": [ 5, 9.25, 6, 10.25 ], "texture": "#texture" }
    }
},
{
    "from": [ 7.5, 3.5, 9.375 ],
    "to": [ 8.5, 4.5, 10.375 ],
    "faces": {
        "down":  { "uv": [ 8, 16, 9, 15 ], "texture": "#texture" },
        "up":    { "uv": [ 8, 15, 9, 16 ], "texture": "#texture" },
        "north": { "uv": [ 8, 15, 9, 16 ], "texture": "#texture" },
        "south": { "uv": [ 8, 15, 9, 16 ], "texture": "#texture" },
        "west":  { "uv": [ 8, 15, 9, 16 ], "texture": "#texture" },
        "east":  { "uv": [ 8, 15, 9, 16 ], "texture": "#texture" }
    }
},
{
    "from": [ 7.5, 2.375, 9.625 ],
    "to": [ 8.5, 4.125, 10.625 ],
    "faces": {
        "down":  { "uv": [ 8, 16, 9, 15 ], "texture": "#texture" },
        "up":    { "uv": [ 8, 15, 9, 16 ], "texture": "#texture" },
        "north": { "uv": [ 8, 15, 9, 16 ], "texture": "#texture" },
        "south": { "uv": [ 8, 15, 9, 16 ], "texture": "#texture" },
        "west":  { "uv": [ 8, 15, 9, 16 ], "texture": "#texture" },
        "east":  { "uv": [ 8, 15, 9, 16 ], "texture": "#texture" }
    }
},
{
    "from": [ 7.75, 4.75, 7.25 ],
    "to": [ 8.25, 15, 7.75 ],
    "faces": {
        "down":  { "uv": [ 7, 1.5, 8.75, 4 ], "texture": "#texture" },
        "up":    { "uv": [ 7.25, 1.25, 8.25, 4.25 ], "texture": "#texture" },
        "north": { "uv": [ 7, 1, 8, 11 ], "texture": "#texture" },
        "south": { "uv": [ 7, 1, 8, 11 ], "texture": "#texture" },
        "west":  { "uv": [ 7.75, 1, 7, 11 ], "texture": "#texture" },
        "east":  { "uv": [ 7, 1, 8, 11 ], "texture": "#texture" }
    }
},
{
    "from": [ 7.75, 4.75, 8.25 ],
    "to": [ 8.25, 15, 8.75 ],
    "faces": {
        "down":  { "uv": [ 7, 1.5, 8.75, 4 ], "texture": "#texture" },
        "up":    { "uv": [ 7.25, 1.25, 8.25, 4.25 ], "texture": "#texture" },
        "north": { "uv": [ 7, 1, 8, 11 ], "texture": "#texture" },
        "south": { "uv": [ 7, 1, 8, 11 ], "texture": "#texture" },
        "west":  { "uv": [ 7.75, 1, 7, 11 ], "texture": "#texture" },
        "east":  { "uv": [ 7, 1, 8, 11 ], "texture": "#texture" }
    }
},
{
    "from": [ 7.875, 4.75, 7.75 ],
    "to": [ 8.125, 15, 8.25 ],
    "faces": {
        "down":  { "uv": [ 7, 1.5, 8.75, 4 ], "texture": "#texture" },
        "up":    { "uv": [ 7.25, 1.25, 8.25, 4.25 ], "texture": "#texture" },
        "north": { "uv": [ 7, 1, 8, 11 ], "texture": "#texture" },
        "south": { "uv": [ 7, 1, 8, 11 ], "texture": "#texture" },
        "west":  { "uv": [ 7.75, 1, 7, 11 ], "texture": "#texture" },
        "east":  { "uv": [ 7, 1, 8, 11 ], "texture": "#texture" }
    }
},
{
    "from": [ 7.75, 15, 7.375 ],
    "to": [ 8.25, 15.5, 8.625 ],
    "faces": {
        "down":  { "uv": [ 8, 3.875, 7.5, 2.625 ], "texture": "#texture" },
        "up":    { "uv": [ 8, 3.125, 8.5, 4.375 ], "texture": "#texture" },
        "north": { "uv": [ 7.875, 2.125, 8.375, 2.625 ], "texture": "#texture" },
        "south": { "uv": [ 7.75, 2, 8.25, 2.5 ], "texture": "#texture" },
        "west":  { "uv": [ 7.375, 1.75, 8.625, 2.25 ], "texture": "#texture" },
        "east":  { "uv": [ 7.375, 2.125, 8.625, 2.625 ], "texture": "#texture" }
    }
},
{
    "from": [ 7.875, 15.5, 7.625 ],
    "to": [ 8.125, 16, 8.375 ],
    "faces": {
        "down":  { "uv": [ 8.125, 4.125, 7.875, 3.125 ], "texture": "#texture" },
        "up":    { "uv": [ 7.5, 6.25, 7.75, 7.25 ], "texture": "#texture" },
        "north": { "uv": [ 8, 2.125, 8.25, 2.625 ], "texture": "#texture" },
        "south": { "uv": [ 8.375, 2.375, 8.625, 2.875 ], "texture": "#texture" },
        "west":  { "uv": [ 7.625, 2.625, 8.625, 3.125 ], "texture": "#texture" },
        "east":  { "uv": [ 7.5, 2.75, 8.5, 3.25 ], "texture": "#texture" }
    }
},
{
    "from": [ 7.875, 15.625, 7.875 ],
    "to": [ 8.125, 16.375, 8.125 ],
    "faces": {
        "down":  { "uv": [ 7.375, 1.75, 8.625, 4.625 ], "texture": "#texture" },
        "up":    { "uv": [ 7.25, 1, 8.375, 5.25 ], "texture": "#texture" },
        "north": { "uv": [ 7.5, 1.625, 8.25, 5.75 ], "texture": "#texture" },
        "south": { "uv": [ 7.5, 2.125, 8.25, 4 ], "texture": "#texture" },
        "west":  { "uv": [ 7.25, 1.875, 8.5, 5.375 ], "texture": "#texture" },
        "east":  { "uv": [ 7.75, 1.625, 8.625, 5.25 ], "texture": "#texture" }
    }
},
{
    "from": [ 7.5, -0.5, 7.25 ],
    "to": [ 8.5, 0, 8.75 ],
    "faces": {
        "down":  { "uv": [ 8, 16, 9, 15 ], "texture": "#texture" },
        "up":    { "uv": [ 8, 15, 9, 16 ], "texture": "#texture" },
        "north": { "uv": [ 8, 15, 9, 16 ], "texture": "#texture" },
        "south": { "uv": [ 8, 15, 9, 16 ], "texture": "#texture" },
        "west":  { "uv": [ 8, 15, 9, 16 ], "texture": "#texture" },
        "east":  { "uv": [ 8, 15, 9, 16 ], "texture": "#texture" }
    }
},
{
    "from": [ 7.5, -0.5, 7.25 ],
    "to": [ 8.5, 1, 7.75 ],
    "faces": {
        "down":  { "uv": [ 8, 16, 9, 15 ], "texture": "#texture" },
        "up":    { "uv": [ 8, 15, 9, 16 ], "texture": "#texture" },
        "north": { "uv": [ 8, 15, 9, 16 ], "texture": "#texture" },
        "south": { "uv": [ 8, 15, 9, 16 ], "texture": "#texture" },
        "west":  { "uv": [ 8, 15, 9, 16 ], "texture": "#texture" },
        "east":  { "uv": [ 8, 15, 9, 16 ], "texture": "#texture" }
    }
},
{
    "from": [ 7.5, -0.5, 8.25 ],
    "to": [ 8.5, 1, 8.75 ],
    "faces": {
        "down":  { "uv": [ 8, 16, 9, 15 ], "texture": "#texture" },
        "up":    { "uv": [ 8, 15, 9, 16 ], "texture": "#texture" },
        "north": { "uv": [ 8, 15, 9, 16 ], "texture": "#texture" },
        "south": { "uv": [ 8, 15, 9, 16 ], "texture": "#texture" },
        "west":  { "uv": [ 8, 15, 9, 16 ], "texture": "#texture" },
        "east":  { "uv": [ 8, 15, 9, 16 ], "texture": "#texture" }
    }
},
{
    "from": [ 7.75, -0.25, 7.5 ],
    "to": [ 8.25, 0.75, 8.5 ],
    "faces": {
        "down":  { "uv": [ 2.25, 4.875, 1.75, 3.875 ], "texture": "#texture" },
        "up":    { "uv": [ 1.75, 4.25, 2.25, 5.25 ], "texture": "#texture" },
        "north": { "uv": [ 1.875, 4.625, 2.375, 5.375 ], "texture": "#texture" },
        "south": { "uv": [ 1.5, 4.625, 2, 5.375 ], "texture": "#texture" },
        "west":  { "uv": [ 0.875, 3.75, 1.875, 4.5 ], "texture": "#texture" },
        "east":  { "uv": [ 1.375, 4.625, 2.375, 5.375 ], "texture": "#texture" }
    }
},
{
    "from": [ 7.875, 8, 7 ],
    "to": [ 8.125, 14.375, 7.25 ],
    "faces": {
        "down":  { "uv": [ 7, 1.5, 8.75, 4 ], "texture": "#texture" },
        "up":    { "uv": [ 7.25, 1.25, 8.25, 4.25 ], "texture": "#texture" },
        "north": { "uv": [ 7, 1, 8, 11 ], "texture": "#texture" },
        "south": { "uv": [ 7, 1, 8, 11 ], "texture": "#texture" },
        "west":  { "uv": [ 7.75, 1, 7, 11 ], "texture": "#texture" },
        "east":  { "uv": [ 7, 1, 8, 11 ], "texture": "#texture" }
    }
},
{
    "from": [ 7.875, 8, 8.75 ],
    "to": [ 8.125, 14.375, 9 ],
    "faces": {
        "down":  { "uv": [ 7, 1.5, 8.75, 4 ], "texture": "#texture" },
        "up":    { "uv": [ 7.25, 1.25, 8.25, 4.25 ], "texture": "#texture" },
        "north": { "uv": [ 7, 1, 8, 11 ], "texture": "#texture" },
        "south": { "uv": [ 7, 1, 8, 11 ], "texture": "#texture" },
        "west":  { "uv": [ 7.75, 1, 7, 11 ], "texture": "#texture" },
        "east":  { "uv": [ 7, 1, 8, 11 ], "texture": "#texture" }
    }
},
{
    "from": [ 7.875, 6.875, 8.75 ],
    "to": [ 8.125, 14.75, 8.875 ],
    "faces": {
        "down":  { "uv": [ 7, 1.5, 8.75, 4 ], "texture": "#texture" },
        "up":    { "uv": [ 7.25, 1.25, 8.25, 4.25 ], "texture": "#texture" },
        "north": { "uv": [ 7, 1, 8, 11 ], "texture": "#texture" },
        "south": { "uv": [ 7, 1, 8, 11 ], "texture": "#texture" },
        "west":  { "uv": [ 7.75, 1, 7, 11 ], "texture": "#texture" },
        "east":  { "uv": [ 7, 1, 8, 11 ], "texture": "#texture" }
    }
},
{
    "from": [ 7.875, 6.875, 7.125 ],
    "to": [ 8.125, 14.75, 7.25 ],
    "faces": {
        "down":  { "uv": [ 7, 1.5, 8.75, 4 ], "texture": "#texture" },
        "up":    { "uv": [ 7.25, 1.25, 8.25, 4.25 ], "texture": "#texture" },
        "north": { "uv": [ 7, 1, 8, 11 ], "texture": "#texture" },
        "south": { "uv": [ 7, 1, 8, 11 ], "texture": "#texture" },
        "west":  { "uv": [ 7.75, 1, 7, 11 ], "texture": "#texture" },
        "east":  { "uv": [ 7, 1, 8, 11 ], "texture": "#texture" }
    }
}
],
"display": {
    "thirdperson": {
        "rotation": [ -95, 0, 0 ],
        "translation": [ 0, 0, -7 ],
        "scale": [ 2, 2, 2 ]
    },
    "head": {
        "rotation": [ 126, 0, 0 ],
        "translation": [ 0, 3, -4.5 ],
        "scale": [ 2, 2, 2 ]
    },
    "ground": {
        "rotation": [ 50, 0, 0 ],
        "translation": [ 0, -14, 0 ],
        "scale": [ 3, 3, 3 ]
    },
    "fixed": {
        "rotation": [ 125, 0, 0 ],
        "translation": [ 0, 4, -5.5 ],
        "scale": [ 3, 3, 3 ]
    },
    "firstperson": {
        "rotation": [ -10, -45, 0 ],
        "translation": [ 0, 8, 0 ],
        "scale": [ 3, 3.5, 3 ]
    },
    "gui": {
        "rotation": [ -50, 55, 12 ],
        "translation": [ 0, 0, 0 ],
        "scale": [ 2, 2, 2 ]
    }
}
}